{
    "metadata": {
        "count": 26
    },
    "textures": {
        "026ce8e0629577f8bfbc365052dffcad.png": {
            "pkg": 0,
            "type": "org",
            "offset": 0,
            "length": 116951
        },
        "04e9ff6a5091e9f9d3f51bd51b620c63.png": {
            "pkg": 0,
            "type": "org",
            "offset": 116951,
            "length": 77101
        },
        "11bc97429f51fee2acf6e659df09790b.png": {
            "pkg": 0,
            "type": "org",
            "offset": 194052,
            "length": 163107
        },
        "1a6eb5150f369b9f1583145978dda3de.png": {
            "pkg": 0,
            "type": "org",
            "offset": 357159,
            "length": 154155
        },
        "3761b621e8a1b10233ad4d4d79b0fbab.png": {
            "pkg": 0,
            "type": "org",
            "offset": 511314,
            "length": 144800
        },
        "44886e398b4f218f2f0b5a9cd60fd231.png": {
            "pkg": 0,
            "type": "org",
            "offset": 656114,
            "length": 69478
        },
        "4687a51b6bfa95adf35c56bc67d38c20.png": {
            "pkg": 0,
            "type": "org",
            "offset": 725592,
            "length": 149072
        },
        "499b18254f7e1f8f349034338a031fee.png": {
            "pkg": 0,
            "type": "org",
            "offset": 874664,
            "length": 161037
        },
        "54a1d79989e8d0506a7f0f26eaaab0c7.png": {
            "pkg": 0,
            "type": "org",
            "offset": 1035701,
            "length": 44589
        },
        "b824d712ecbd4cee4824390f2a41ea3b.png": {
            "pkg": 0,
            "type": "org",
            "offset": 1080290,
            "length": 154310
        },
        "d6edcffffeb1a92ba050b005d0d4216e.png": {
            "pkg": 0,
            "type": "org",
            "offset": 1234600,
            "length": 110437
        },
        "f02e8befe0f1db0f17cc55bdbefedb29.png": {
            "pkg": 0,
            "type": "org",
            "offset": 1345037,
            "length": 164254
        },
        "fd7624a3ebd6d939771caf6729f2adb4.png": {
            "pkg": 0,
            "type": "org",
            "offset": 1509291,
            "length": 141854
        },
        "026ce8e0629577f8bfbc365052dffcad.dds": {
            "pkg": 0,
            "type": "dds",
            "offset": 1651145,
            "length": 32896
        },
        "04e9ff6a5091e9f9d3f51bd51b620c63.dds": {
            "pkg": 0,
            "type": "dds",
            "offset": 1684041,
            "length": 32896
        },
        "11bc97429f51fee2acf6e659df09790b.dds": {
            "pkg": 0,
            "type": "dds",
            "offset": 1716937,
            "length": 32896
        },
        "1a6eb5150f369b9f1583145978dda3de.dds": {
            "pkg": 0,
            "type": "dds",
            "offset": 1749833,
            "length": 32896
        },
        "3761b621e8a1b10233ad4d4d79b0fbab.dds": {
            "pkg": 0,
            "type": "dds",
            "offset": 1782729,
            "length": 32896
        },
        "44886e398b4f218f2f0b5a9cd60fd231.dds": {
            "pkg": 0,
            "type": "dds",
            "offset": 1815625,
            "length": 32896
        },
        "4687a51b6bfa95adf35c56bc67d38c20.dds": {
            "pkg": 0,
            "type": "dds",
            "offset": 1848521,
            "length": 32896
        },
        "499b18254f7e1f8f349034338a031fee.dds": {
            "pkg": 0,
            "type": "dds",
            "offset": 1881417,
            "length": 32896
        },
        "54a1d79989e8d0506a7f0f26eaaab0c7.dds": {
            "pkg": 0,
            "type": "dds",
            "offset": 1914313,
            "length": 32896
        },
        "b824d712ecbd4cee4824390f2a41ea3b.dds": {
            "pkg": 0,
            "type": "dds",
            "offset": 1947209,
            "length": 32896
        },
        "d6edcffffeb1a92ba050b005d0d4216e.dds": {
            "pkg": 0,
            "type": "dds",
            "offset": 1980105,
            "length": 32896
        },
        "f02e8befe0f1db0f17cc55bdbefedb29.dds": {
            "pkg": 0,
            "type": "dds",
            "offset": 2013001,
            "length": 32896
        },
        "fd7624a3ebd6d939771caf6729f2adb4.dds": {
            "pkg": 0,
            "type": "dds",
            "offset": 2045897,
            "length": 32896
        }
    }
}