{"workerType": "bmv-translate", "databagId": "1a0f75b9a5f5e03f04e16d0a36b1d5fe", "modelId": 2008136653260064, "jsSDKVersion": "Bimface@3.7.452", "modelType": "singleModel", "subRenders": [{"isSupportModelTree": true, "isSupportFamilyTypeList": false, "renderVersion": "1.0", "jsSDKVersion": "Drawing@1.7.317", "isSupportComponentProperty": true, "isSupportMiniMap": true, "renderType": "drawingView"}, {"isSupportModelTree": false, "isSupportFamilyTypeList": true, "renderVersion": "3.0", "jsSDKVersion": "Bimface@3.7.452", "isSupportComponentProperty": false, "isSupportMiniMap": false, "renderType": "rfaView"}], "isSupportModelTree": true, "isSupportWalk": true, "isSupportFamilyTypeList": true, "renderVersion": "3.0", "isSupportRoomArea": true, "isSupportMaterialProperty": true, "isSupportDrawing": true, "name": "test.bmv", "databagVersion": "3.0", "isSupportComponentProperty": true, "isSupportMiniMap": true, "renderType": "bimView"}