{"-2000515":{"categoryName":"视图标题","categoryVisibility":true},"-2006045":{"categoryName":"立面标记","categoryVisibility":true},"-2008087":{"categoryName":"灯具","categoryVisibility":true},"-2000080":{"categoryName":"家具","categoryVisibility":true},"-2000900":{"categoryName":"自适应点","categoryVisibility":true},"-2000300":{"categoryName":"文字注释","categoryVisibility":true},"-2005009":{"categoryName":"机电设备标记","categoryVisibility":true},"-2008122":{"categoryName":"管道隔热层","categoryVisibility":true},"-2005014":{"categoryName":"专用设备标记","categoryVisibility":true},"-2009005":{"categoryName":"结构区域钢筋符号","categoryVisibility":true},"-2008126":{"categoryName":"电缆桥架配件","categoryVisibility":true},"-2005007":{"categoryName":"家具系统标记","categoryVisibility":true},"-2001120":{"categoryName":"照明设备","categoryVisibility":true},"-2009654":{"categoryName":"分析独立基础标记","categoryVisibility":true},"-2001060":{"categoryName":"电气装置","categoryVisibility":true},"-2005028":{"categoryName":"详图项目标记","categoryVisibility":true},"-2009643":{"categoryName":"分析基础底板","categoryVisibility":false},"-2008044":{"categoryName":"管道","categoryVisibility":true},"-2000180":{"categoryName":"坡道","categoryVisibility":true},"-2001340":{"categoryName":"地形","categoryVisibility":true},"-2001260":{"categoryName":"场地","categoryVisibility":true},"-2008099":{"categoryName":"喷头","categoryVisibility":true},"-2000550":{"categoryName":"颜色填充图例","categoryVisibility":true},"-2000035":{"categoryName":"屋顶","categoryVisibility":true},"-2000996":{"categoryName":"竖井洞口","categoryVisibility":true},"-2000460":{"categoryName":"门标记","categoryVisibility":true},"-2000450":{"categoryName":"窗标记","categoryVisibility":true},"-2009055":{"categoryName":"板标记","categoryVisibility":true},"-2005011":{"categoryName":"墙标记","categoryVisibility":true},"-2009063":{"categoryName":"孔标记","categoryVisibility":true},"-2008130":{"categoryName":"电缆桥架","categoryVisibility":true},"-2000260":{"categoryName":"尺寸标注","categoryVisibility":true},"-2009040":{"categoryName":"结构连接标记","categoryVisibility":true},"-2009025":{"categoryName":"钢筋集切换","categoryVisibility":true},"-2009650":{"categoryName":"分析支撑标记","categoryVisibility":true},"-2009022":{"categoryName":"结构钢筋网标记","categoryVisibility":true},"-2000710":{"categoryName":"参照点","categoryVisibility":true},"-2000083":{"categoryName":"参照线","categoryVisibility":true},"-2005013":{"categoryName":"常规模型标记","categoryVisibility":true},"-2000956":{"categoryName":"分析节点标记","categoryVisibility":true},"-2003200":{"categoryName":"面积","categoryVisibility":true},"-2009013":{"categoryName":"钢筋形状","categoryVisibility":true},"-2005022":{"categoryName":"多类别标记","categoryVisibility":true},"-2006130":{"categoryName":"桥台","categoryVisibility":true},"-2008213":{"categoryName":"MEP 预制保护层标记","categoryVisibility":true},"-2006110":{"categoryName":"平面视图中的支撑符号","categoryVisibility":true},"-2000983":{"categoryName":"分析管道连接","categoryVisibility":true},"-2008004":{"categoryName":"软风管标记","categoryVisibility":true},"-2009642":{"categoryName":"分析条形基础","categoryVisibility":false},"-2008075":{"categoryName":"电话设备","categoryVisibility":true},"-2003405":{"categoryName":"体量标记","categoryVisibility":true},"-2008056":{"categoryName":"管道附件标记","categoryVisibility":true},"-2008043":{"categoryName":"管道系统","categoryVisibility":true},"-2008020":{"categoryName":"软风管","categoryVisibility":true},"-2000266":{"categoryName":"屋顶标记","categoryVisibility":true},"-2000223":{"categoryName":"位移路径","categoryVisibility":true},"-2009057":{"categoryName":"锚固件标记","categoryVisibility":true},"-2000987":{"categoryName":"机械设备集边界线","categoryVisibility":true},"-2000536":{"categoryName":"裁剪边界","categoryVisibility":true},"-2003600":{"categoryName":"空间","categoryVisibility":true},"-2000160":{"categoryName":"房间","categoryVisibility":true},"-2008101":{"categoryName":"开关系统","categoryVisibility":true},"-2008084":{"categoryName":"数据设备标记","categoryVisibility":true},"-2005025":{"categoryName":"幕墙系统标记","categoryVisibility":true},"-2008047":{"categoryName":"管道标记","categoryVisibility":true},"-2005026":{"categoryName":"楼板标记","categoryVisibility":true},"-2000501":{"categoryName":"相机","categoryVisibility":true},"-2003410":{"categoryName":"体量楼层标记","categoryVisibility":true},"-2008163":{"categoryName":"管段","categoryVisibility":true},"-2005019":{"categoryName":"结构基础标记","categoryVisibility":true},"-2000938":{"categoryName":"楼梯路径","categoryVisibility":true},"-2008076":{"categoryName":"电话设备标记","categoryVisibility":true},"-2008078":{"categoryName":"护理呼叫设备标记","categoryVisibility":true},"-2009641":{"categoryName":"分析独立基础","categoryVisibility":false},"-2005015":{"categoryName":"结构框架标记","categoryVisibility":true},"-2005030":{"categoryName":"结构桁架标记","categoryVisibility":true},"-2000197":{"categoryName":"视图参照","categoryVisibility":true},"-2005017":{"categoryName":"停车场标记","categoryVisibility":true},"-2008204":{"categoryName":"MEP 预制支架标记","categoryVisibility":true},"-2001008":{"categoryName":"空调系统","categoryVisibility":true},"-2005027":{"categoryName":"材质标记","categoryVisibility":true},"-2001330":{"categoryName":"结构柱","categoryVisibility":true},"-2009061":{"categoryName":"结构钢筋接头标记","categoryVisibility":true},"-2009010":{"categoryName":"结构路径钢筋符号","categoryVisibility":true},"-2008124":{"categoryName":"风管内衬","categoryVisibility":true},"-2000268":{"categoryName":"部件标记","categoryVisibility":true},"-2000270":{"categoryName":"零件标记","categoryVisibility":true},"-2008060":{"categoryName":"管件标记","categoryVisibility":true},"-2008039":{"categoryName":"导线","categoryVisibility":true},"-2000279":{"categoryName":"视图","categoryVisibility":true},"-2001354":{"categoryName":"结构加强板","categoryVisibility":true},"-2008003":{"categoryName":"风管标记","categoryVisibility":true},"-2008048":{"categoryName":"软管标记","categoryVisibility":true},"-2008133":{"categoryName":"线管标记","categoryVisibility":true},"-2008005":{"categoryName":"风管颜色填充","categoryVisibility":true},"-2001320":{"categoryName":"结构框架","categoryVisibility":true},"-2001336":{"categoryName":"结构桁架","categoryVisibility":true},"-2005018":{"categoryName":"结构柱标记","categoryVisibility":true},"-2005301":{"categoryName":"边界条件","categoryVisibility":true},"-2008000":{"categoryName":"风管","categoryVisibility":true},"-2008050":{"categoryName":"软管","categoryVisibility":true},"-2008132":{"categoryName":"线管","categoryVisibility":true},"-2009060":{"categoryName":"结构钢筋接头","categoryVisibility":true},"-2009011":{"categoryName":"结构路径钢筋标记","categoryVisibility":true},"-2008151":{"categoryName":"配电盘明细表图形","categoryVisibility":true},"-2001100":{"categoryName":"家具系统","categoryVisibility":true},"-2006060":{"categoryName":"云线批注","categoryVisibility":true},"-2008186":{"categoryName":"分析表面","categoryVisibility":false},"-2008161":{"categoryName":"管道占位符","categoryVisibility":true},"-2008017":{"categoryName":"风管附件标记","categoryVisibility":true},"-2008061":{"categoryName":"风管管件标记","categoryVisibility":true},"-2008125":{"categoryName":"布管系统配置","categoryVisibility":true},"-2008129":{"categoryName":"线管配件标记","categoryVisibility":true},"-2006100":{"categoryName":"连接符号","categoryVisibility":true},"-2001000":{"categoryName":"橱柜","categoryVisibility":true},"-2009059":{"categoryName":"焊接标记","categoryVisibility":true},"-2000196":{"categoryName":"在族中导入","categoryVisibility":true},"-2000539":{"categoryName":"详图索引边界","categoryVisibility":true},"-2008150":{"categoryName":"电缆桥架管路","categoryVisibility":true},"-2000269":{"categoryName":"组成部分","categoryVisibility":false},"-2010001":{"categoryName":"点云","categoryVisibility":true},"-2000834":{"categoryName":"行进路径标记","categoryVisibility":true},"-2008079":{"categoryName":"安全设备","categoryVisibility":true},"-2000700":{"categoryName":"材质","categoryVisibility":true},"-2008193":{"categoryName":"MEP 预制管网","categoryVisibility":true},"-2003100":{"categoryName":"图纸","categoryVisibility":true},"-2000150":{"categoryName":"常规注释","categoryVisibility":true},"-2000982":{"categoryName":"协调模型","categoryVisibility":true},"-2009652":{"categoryName":"分析楼层标记","categoryVisibility":true},"-2009655":{"categoryName":"分析条形基础标记","categoryVisibility":true},"-2000350":{"categoryName":"等高线标签","categoryVisibility":true},"-2008194":{"categoryName":"MEP 预制管网标记","categoryVisibility":true},"-2008153":{"categoryName":"风管隔热层标记","categoryVisibility":true},"-2005004":{"categoryName":"电气装置标记","categoryVisibility":true},"-2001370":{"categoryName":"环境","categoryVisibility":true},"-2000240":{"categoryName":"标高","categoryVisibility":false},"-2000220":{"categoryName":"轴网","categoryVisibility":true},"-2005210":{"categoryName":"结构荷载工况","categoryVisibility":true},"-2009020":{"categoryName":"结构钢筋标记","categoryVisibility":true},"-2000570":{"categoryName":"明细表图形","categoryVisibility":true},"-2006132":{"categoryName":"桥塔","categoryVisibility":true},"-2000942":{"categoryName":"楼梯支撑标记","categoryVisibility":true},"-2005016":{"categoryName":"场地标记","categoryVisibility":true},"-2009009":{"categoryName":"结构路径钢筋","categoryVisibility":true},"-2008203":{"categoryName":"MEP 预制支架","categoryVisibility":true},"-2001040":{"categoryName":"电气设备","categoryVisibility":true},"-2008082":{"categoryName":"通讯设备标记","categoryVisibility":true},"-2008127":{"categoryName":"电缆桥架配件标记","categoryVisibility":true},"-2008152":{"categoryName":"电气备件/空间电路","categoryVisibility":true},"-2001007":{"categoryName":"系统分区标记","categoryVisibility":true},"-2009058":{"categoryName":"剪力钉标记","categoryVisibility":true},"-2009000":{"categoryName":"结构钢筋","categoryVisibility":true},"-2009645":{"categoryName":"分析节点","categoryVisibility":false},"-2009653":{"categoryName":"分析墙标记","categoryVisibility":true},"-2009649":{"categoryName":"分析梁标记","categoryVisibility":true},"-2009651":{"categoryName":"分析柱标记","categoryVisibility":true},"-2001010":{"categoryName":"分区设备","categoryVisibility":true},"-2009003":{"categoryName":"结构区域钢筋","categoryVisibility":true},"-2001352":{"categoryName":"RVT 链接","categoryVisibility":true},"-2006090":{"categoryName":"结构注释","categoryVisibility":true},"-2009657":{"categoryName":"分析链接","categoryVisibility":true},"-2005020":{"categoryName":"面积标记","categoryVisibility":true},"-2000095":{"categoryName":"模型组","categoryVisibility":true},"-2009016":{"categoryName":"结构钢筋网","categoryVisibility":true},"-2005021":{"categoryName":"植物标记","categoryVisibility":true},"-2005111":{"categoryName":"基础跨方向符号","categoryVisibility":true},"-2009640":{"categoryName":"分析墙","categoryVisibility":false},"-2009630":{"categoryName":"分析梁","categoryVisibility":false},"-2009636":{"categoryName":"分析柱","categoryVisibility":false},"-2001267":{"categoryName":"属性标记","categoryVisibility":true},"-2001300":{"categoryName":"结构基础","categoryVisibility":true},"-2000537":{"categoryName":"详图索引","categoryVisibility":true},"-2005110":{"categoryName":"跨方向符号","categoryVisibility":true},"-2000190":{"categoryName":"填充区域","categoryVisibility":true},"-2008016":{"categoryName":"风管附件","categoryVisibility":true},"-2008010":{"categoryName":"风管管件","categoryVisibility":true},"-2008128":{"categoryName":"线管配件","categoryVisibility":true},"-2000133":{"categoryName":"栏杆扶手标记","categoryVisibility":true},"-2006134":{"categoryName":"桥拱","categoryVisibility":true},"-2005023":{"categoryName":"楼梯标记","categoryVisibility":true},"-2001001":{"categoryName":"系统分区","categoryVisibility":true},"-2000023":{"categoryName":"门","categoryVisibility":true},"-2000051":{"categoryName":"线","categoryVisibility":true},"-2000014":{"categoryName":"窗","categoryVisibility":true},"-2000100":{"categoryName":"柱","categoryVisibility":true},"-2000011":{"categoryName":"墙","categoryVisibility":true},"-2000191":{"categoryName":"平面区域","categoryVisibility":true},"-2002000":{"categoryName":"详图项目","categoryVisibility":true},"-2000265":{"categoryName":"高程点坡度","categoryVisibility":true},"-2000304":{"categoryName":"分析显示样式","categoryVisibility":true},"-2005100":{"categoryName":"高程点符号","categoryVisibility":true},"-2009056":{"categoryName":"螺栓标记","categoryVisibility":true},"-2000193":{"categoryName":"拼接线","categoryVisibility":true},"-2000173":{"categoryName":"幕墙网格","categoryVisibility":true},"-2009028":{"categoryName":"结构钢筋网符号","categoryVisibility":true},"-2000263":{"categoryName":"高程点","categoryVisibility":true},"-2009015":{"categoryName":"钢筋保护层参照","categoryVisibility":true},"-2006000":{"categoryName":"范围框","categoryVisibility":true},"-2008149":{"categoryName":"线管管路","categoryVisibility":true},"-2008115":{"categoryName":"分区标记","categoryVisibility":true},"-2001269":{"categoryName":"建筑红线线段标记","categoryVisibility":true},"-2000510":{"categoryName":"视口","categoryVisibility":true},"-2000267":{"categoryName":"部件","categoryVisibility":true},"-2008049":{"categoryName":"管件","categoryVisibility":true},"-2001327":{"categoryName":"结构梁系统","categoryVisibility":true},"-2006040":{"categoryName":"轴网标头","categoryVisibility":true},"-2000120":{"categoryName":"楼梯","categoryVisibility":true},"-2006080":{"categoryName":"云线批注标记","categoryVisibility":true},"-2008160":{"categoryName":"风管占位符","categoryVisibility":true},"-2000485":{"categoryName":"空间标记","categoryVisibility":true},"-2000480":{"categoryName":"房间标记","categoryVisibility":true},"-2000107":{"categoryName":"导向轴网","categoryVisibility":true},"-2000303":{"categoryName":"分析结果","categoryVisibility":true},"-2000126":{"categoryName":"栏杆扶手","categoryVisibility":true},"-2003400":{"categoryName":"体量","categoryVisibility":false},"-2000944":{"categoryName":"楼梯踏板/踢面数","categoryVisibility":true},"-2000940":{"categoryName":"楼梯梯段标记","categoryVisibility":true},"-2008088":{"categoryName":"灯具标记","categoryVisibility":true},"-2005006":{"categoryName":"家具标记","categoryVisibility":true},"-2000970":{"categoryName":"多钢筋注释","categoryVisibility":true},"-2008014":{"categoryName":"风道末端标记","categoryVisibility":true},"-2006133":{"categoryName":"桥梁缆索","categoryVisibility":true},"-2000032":{"categoryName":"楼板","categoryVisibility":true},"-2000941":{"categoryName":"楼梯平台标记","categoryVisibility":true},"-2008013":{"categoryName":"风道末端","categoryVisibility":true},"-2000547":{"categoryName":"注释裁剪边界","categoryVisibility":true},"-2009639":{"categoryName":"分析楼层","categoryVisibility":false},"-2000955":{"categoryName":"分析链接标记","categoryVisibility":true},"-2008154":{"categoryName":"风管内衬标记","categoryVisibility":true},"-2008131":{"categoryName":"电缆桥架标记","categoryVisibility":true},"-2008077":{"categoryName":"护理呼叫设备","categoryVisibility":true},"-2001140":{"categoryName":"机械设备","categoryVisibility":true},"-2000264":{"categoryName":"高程点坐标","categoryVisibility":true},"-2008081":{"categoryName":"通讯设备","categoryVisibility":true},"-2009030":{"categoryName":"结构连接","categoryVisibility":true},"-2008055":{"categoryName":"管道附件","categoryVisibility":true},"-2001180":{"categoryName":"停车场","categoryVisibility":true},"-2006137":{"categoryName":"桥梁大梁","categoryVisibility":true},"-2009017":{"categoryName":"结构钢筋网区域","categoryVisibility":true},"-2008123":{"categoryName":"风管隔热层","categoryVisibility":true},"-2008083":{"categoryName":"数据设备","categoryVisibility":true},"-2008058":{"categoryName":"管道颜色填充图例","categoryVisibility":true},"-2008107":{"categoryName":"HVAC 区","categoryVisibility":true},"-2000985":{"categoryName":"机械设备集","categoryVisibility":true},"-2008080":{"categoryName":"安全设备标记","categoryVisibility":true},"-2008015":{"categoryName":"风管系统","categoryVisibility":true},"-2001355":{"categoryName":"结构加强板标记","categoryVisibility":true},"-2005252":{"categoryName":"面荷载标记","categoryVisibility":true},"-2005003":{"categoryName":"电气设备标记","categoryVisibility":true},"-2005010":{"categoryName":"卫浴装置标记","categoryVisibility":true},"-2000280":{"categoryName":"图框","categoryVisibility":true},"-2001360":{"categoryName":"植物","categoryVisibility":true},"-2005250":{"categoryName":"点荷载标记","categoryVisibility":true},"-2007004":{"categoryName":"风管颜色填充图例","categoryVisibility":true},"-2005251":{"categoryName":"线荷载标记","categoryVisibility":true},"-2003101":{"categoryName":"项目信息","categoryVisibility":true},"-2009656":{"categoryName":"分析楼板基础标记","categoryVisibility":true},"-2000340":{"categoryName":"幕墙系统","categoryVisibility":true},"-2009633":{"categoryName":"分析支撑","categoryVisibility":false},"-2000986":{"categoryName":"机械设备集标记","categoryVisibility":true},"-2008212":{"categoryName":"MEP 预制保护层","categoryVisibility":true},"-2008208":{"categoryName":"MEP 预制管道","categoryVisibility":true},"-2008059":{"categoryName":"管道颜色填充","categoryVisibility":true},"-2000538":{"categoryName":"详图索引标头","categoryVisibility":true},"-2005204":{"categoryName":"结构内部荷载","categoryVisibility":true},"-2006020":{"categoryName":"标高标头","categoryVisibility":true},"-2008100":{"categoryName":"喷头标记","categoryVisibility":true},"-2005008":{"categoryName":"照明设备标记","categoryVisibility":true},"-2001160":{"categoryName":"卫浴装置","categoryVisibility":true},"-2005001":{"categoryName":"橱柜标记","categoryVisibility":true},"-2000151":{"categoryName":"常规模型","categoryVisibility":true},"-2008086":{"categoryName":"火警设备标记","categoryVisibility":true},"-2005254":{"categoryName":"内部线荷载标记","categoryVisibility":true},"-2005253":{"categoryName":"内部点荷载标记","categoryVisibility":true},"-2001350":{"categoryName":"专用设备","categoryVisibility":true},"-2008085":{"categoryName":"火警设备","categoryVisibility":true},"-2000573":{"categoryName":"明细表","categoryVisibility":true},"-2008155":{"categoryName":"管道隔热层标记","categoryVisibility":true},"-2000038":{"categoryName":"天花板","categoryVisibility":true},"-2000171":{"categoryName":"幕墙竖梃","categoryVisibility":true},"-2006138":{"categoryName":"桥梁支座","categoryVisibility":true},"-2000535":{"categoryName":"立面","categoryVisibility":true},"-2006135":{"categoryName":"桥面","categoryVisibility":true},"-2000200":{"categoryName":"剖面","categoryVisibility":true},"-2000301":{"categoryName":"剖面框","categoryVisibility":true},"-2000201":{"categoryName":"剖面线","categoryVisibility":true},"-2005255":{"categoryName":"内部面荷载标记","categoryVisibility":true},"-2000302":{"categoryName":"渲染区域","categoryVisibility":true},"-2000560":{"categoryName":"光栅图像","categoryVisibility":true},"-2005029":{"categoryName":"注释记号标记","categoryVisibility":true},"-2005130":{"categoryName":"结构梁系统标记","categoryVisibility":true},"-2009064":{"categoryName":"轮廓标记","categoryVisibility":true},"-2000530":{"categoryName":"参照平面","categoryVisibility":true},"-2000170":{"categoryName":"幕墙嵌板","categoryVisibility":true},"-2005012":{"categoryName":"幕墙嵌板标记","categoryVisibility":true},"-2006131":{"categoryName":"桥墩","categoryVisibility":true},"-2005200":{"categoryName":"结构荷载","categoryVisibility":true},"-2001220":{"categoryName":"道路","categoryVisibility":true},"-2008037":{"categoryName":"电路","categoryVisibility":true},"-2008185":{"categoryName":"分析空间","categoryVisibility":false},"-2006136":{"categoryName":"桥梁基础","categoryVisibility":true},"-2001009":{"categoryName":"水回路","categoryVisibility":true},"-2009021":{"categoryName":"结构区域钢筋标记","categoryVisibility":true},"-2000194":{"categoryName":"遮罩区域","categoryVisibility":true},"-2008209":{"categoryName":"MEP 预制管道标记","categoryVisibility":true},"-2000400":{"categoryName":"剖面标头","categoryVisibility":true},"-2005002":{"categoryName":"天花板标记","categoryVisibility":true},"-2008057":{"categoryName":"导线标记","categoryVisibility":true}}
