{"apperanceId":"254628","id":"26","name":"玻璃","parameters":[{"group":"标识数据","items":[{"key":"型号","value":"","valueType":3,"unit":""},{"key":"成本","value":"0.0","valueType":2,"unit":""},{"key":"URL","value":"","valueType":3,"unit":""},{"key":"图像","value":"","valueType":4,"unit":""},{"key":"注释","value":"","valueType":3,"unit":""},{"key":"注释记号","value":"","valueType":3,"unit":""},{"key":"标记","value":"","valueType":3,"unit":""},{"key":"制造商","value":"","valueType":3,"unit":""},{"key":"说明","value":"钠钙玻璃","valueType":3,"unit":""}]},{"group":"材质和装饰","items":[{"key":"剪变模量 X","value":"","valueType":2,"unit":""},{"key":"子类","value":"","valueType":3,"unit":""},{"key":"屈服强度","value":"","valueType":2,"unit":""},{"key":"名称","value":"玻璃","valueType":3,"unit":""},{"key":"弹性模量 Y","value":"","valueType":2,"unit":""},{"key":"类别","value":"","valueType":1,"unit":""},{"key":"剪变模量 Z","value":"","valueType":2,"unit":""},{"key":"弹性模量 Z","value":"","valueType":2,"unit":""},{"key":"剪变模量 Y","value":"","valueType":2,"unit":""},{"key":"热膨胀系数 X","value":"","valueType":2,"unit":""},{"key":"热膨胀系数 Y","value":"","valueType":2,"unit":""},{"key":"热膨胀系数 Z","value":"","valueType":2,"unit":""},{"key":"高光","value":"12","valueType":1,"unit":""},{"key":"辉光","value":"False","valueType":1,"unit":""},{"key":"弹性模量 X","value":"","valueType":2,"unit":""},{"key":"平滑度","value":"50","valueType":1,"unit":""},{"key":"表现","value":"","valueType":1,"unit":""},{"key":"材质类型","value":"常规","valueType":1,"unit":""},{"key":"透明度","value":"90","valueType":1,"unit":""},{"key":"泊松比 Z","value":"","valueType":2,"unit":""},{"key":"泊松比 Y","value":"","valueType":2,"unit":""},{"key":"泊松比 X","value":"","valueType":2,"unit":""},{"key":"容重","value":"","valueType":2,"unit":""},{"key":"剪力折减系数","value":"","valueType":2,"unit":""}]}]}
