{"apperanceId":"269688","id":"268712","name":"玻璃 - 图案","parameters":[{"group":"标识数据","items":[{"key":"型号","value":"","valueType":3,"unit":""},{"key":"成本","value":"0.0","valueType":2,"unit":""},{"key":"URL","value":"","valueType":3,"unit":""},{"key":"图像","value":"","valueType":4,"unit":""},{"key":"注释","value":"","valueType":3,"unit":""},{"key":"注释记号","value":"","valueType":3,"unit":""},{"key":"标记","value":"","valueType":3,"unit":""},{"key":"制造商","value":"","valueType":3,"unit":""},{"key":"说明","value":"","valueType":3,"unit":""}]},{"group":"材质和装饰","items":[{"key":"名称","value":"玻璃 - 图案","valueType":3,"unit":""},{"key":"高光","value":"0","valueType":1,"unit":""},{"key":"辉光","value":"False","valueType":1,"unit":""},{"key":"平滑度","value":"50","valueType":1,"unit":""},{"key":"透明度","value":"75","valueType":1,"unit":""}]}]}
