{"Usage": "http://pm.glodon.com/wiki/display/PAAS/bmv2md", "Version": {"Databag": "3.0", "Sqlite": "2.0", "Model": "1.0", "Worker": "3.0"}, "RenderType": "bimView", "name": "worker.bmv2md", "depends": ["7zip", "proto2db", "minimap", "bmv2md", "md2viz", "regularize", "dwg2mdv", "localpack", "misc", "projection", "spatial2db"], "tasks": ["unzip", "bmv2md", "projection", "proto2db", "spatial2db", "levelmap", "levelmap-igms", "thumbnail-igms-512", "resizeImage256", "resizeImage96", "md2viz3", "elementClassifySingle", "dwg2mdv", "litelocalpack", "elementsTree", "structTree", "manifest"], "customConfig": {"fileType": "rvt", "exportDrawing": true, "exportSpatialData": "none", "engine": "", "minimapOff": false, "rvtIntegrateDrawings": false, "modifyMode": false, "minimapOsg": false, "usemmf": false, "toBimtiles": false, "loadOnDemand": false, "meshSimplify": false, "mpkBatched": false, "repairFaces": false, "bmpkMerged": true, "multithread": false, "integrateDrawings": false, "gl": true, "localpack": false}}