{
    "dataInformation": {
        "version": "1.0",
        "datetime": "2020-12-02 13:41:26",
        "comment": "box(v:24, t:12), pipe(v:130, t:124)"
    },
    "sceneStatistics": {
        "elementCount": 433,
        "geometryTotalCount": 2209,
        "triangleTotalCount": 171671,
        "vertexTotalCount": 156228,
        "primitiveTotalCount": 315,
        "boxGeometryCount": 232,
        "pipeGeometryCount": 83,
        "meshCount": 1894,
        "uniqueMeshCount": 424,
        "uniqueTriangleCount": 80387,
        "uniqueVertexCount": 57213
    }
}