{"elementId":"248392","assetType":"Appearance","libraryName":"assetlibrary_base.fbx","title":"","properties":[{"name":"ShadingModel","type":"String","value":"Unknown","numberOfConnectedProperties":0},{"name":"MultiLayer","type":"Boolean","value":"False","numberOfConnectedProperties":0},{"name":"version","type":"Integer","value":"1","numberOfConnectedProperties":0},{"name":"revision","type":"Integer","value":"1","numberOfConnectedProperties":0},{"name":"description","type":"String","value":"Metal.","numberOfConnectedProperties":0},{"name":"UIDefinition","type":"String","value":"Mats\\Metal\\metalUI.xml","numberOfConnectedProperties":0},{"name":"ImplementationMentalRay","type":"String","value":"Mats\\Metal\\MentalImage.xml","numberOfConnectedProperties":0},{"name":"ImplementationMentalRayAdditionalFiles","type":"String","value":"","numberOfConnectedProperties":0},{"name":"ImplementationOGS","type":"String","value":"Mats\\Metal\\OGS.xml","numberOfConnectedProperties":0},{"name":"ImplementationPreview","type":"String","value":"Mats\\Metal\\PreviewColor.xml","numberOfConnectedProperties":0},{"name":"brush_def_map","type":"String","value":"Mats\\Metal\\external.dependency\\Simple_Metal_Mtl_Brush_pattern.jpg","numberOfConnectedProperties":0},{"name":"break_def_map","type":"String","value":"Mats\\Metal\\external.dependency\\Simple_Metal_Mtl_Break_pattern.jpg","numberOfConnectedProperties":0},{"name":"bump_diamond_map","type":"String","value":"Mats\\Metal\\external.dependency\\Simple_Metal_Mtl_DiamondPlate_pattern.jpg","numberOfConnectedProperties":0},{"name":"bump_checker_map","type":"String","value":"Mats\\Metal\\external.dependency\\Simple_Metal_Mtl_CheckerPlate_pattern.jpg","numberOfConnectedProperties":0},{"name":"thumbnail","type":"String","value":"Mats\\Metal\\Presets\\t_Metal-042.png","numberOfConnectedProperties":0},{"name":"UIName","type":"String","value":"Metal-042","numberOfConnectedProperties":0},{"name":"InternalType","type":"String","value":"preset","numberOfConnectedProperties":0},{"name":"metal_type","type":"Enumeration","value":null,"numberOfConnectedProperties":0},{"name":"metal_color_by_object","type":"Boolean","value":"False","numberOfConnectedProperties":0},{"name":"metal_color","type":"Double4","value":"0.93 0.932 0.93 1","numberOfConnectedProperties":0},{"name":"metal_patina","type":"Float","value":null,"numberOfConnectedProperties":0},{"name":"metal_finish","type":"Enumeration","value":null,"numberOfConnectedProperties":0},{"name":"metal_pattern","type":"Enumeration","value":null,"numberOfConnectedProperties":0},{"name":"metal_pattern_height","type":"Float","value":null,"numberOfConnectedProperties":0},{"name":"metal_pattern_scale","type":"Float","value":null,"numberOfConnectedProperties":0},{"name":"metal_pattern_shader","type":"Reference","value":null,"numberOfConnectedProperties":1},{"name":"Metal-042_metal_pattern_shader","type":"Asset","value":null,"numberOfConnectedProperties":0},{"name":"metal_perforations","type":"Enumeration","value":null,"numberOfConnectedProperties":0},{"name":"metal_perforations_size","type":"Float","value":null,"numberOfConnectedProperties":0},{"name":"metal_perforations_center","type":"Float","value":null,"numberOfConnectedProperties":0},{"name":"metal_perforations_space","type":"Float","value":null,"numberOfConnectedProperties":0},{"name":"metal_perforations_shader","type":"Reference","value":null,"numberOfConnectedProperties":1},{"name":"Metal-042_metal_perforations_shader","type":"Asset","value":null,"numberOfConnectedProperties":0},{"name":"reflection_glossy_samples","type":"Integer","value":"32","numberOfConnectedProperties":0},{"name":"mode","type":"Integer","value":"4","numberOfConnectedProperties":0},{"name":"swatch","type":"String","value":"Swatch-Sphere2","numberOfConnectedProperties":0},{"name":"category","type":"String","value":":Metal - Aluminum:Default:Metal","numberOfConnectedProperties":0}]}
