{"elementId":"248387","assetType":"Appearance","libraryName":"assetlibrary_base.fbx","title":"","properties":[{"name":"AdvancedUIDefinition","type":"String","value":"Mats/WallPaint/wallPaintAdvancedUI.xml","numberOfConnectedProperties":0},{"name":"AssetLibID","type":"String","value":"314DE259-5443-4621-BFBD-1730C6CC9AE9","numberOfConnectedProperties":0},{"name":"BaseSchema","type":"String","value":"WallPaintSchema","numberOfConnectedProperties":0},{"name":"ExchangeGUID","type":"String","value":"","numberOfConnectedProperties":0},{"name":"Hidden","type":"Boolean","value":"False","numberOfConnectedProperties":0},{"name":"ImplementationGeneric","type":"String","value":"Mats/WallPaint/Generic.xml","numberOfConnectedProperties":0},{"name":"ImplementationMentalRay","type":"String","value":"Mats/WallPaint/MentalImage.xml","numberOfConnectedProperties":0},{"name":"ImplementationOGS","type":"String","value":"Mats/WallPaint/OGS.xml","numberOfConnectedProperties":0},{"name":"ImplementationPreview","type":"String","value":"Mats/WallPaint/PreviewColor.xml","numberOfConnectedProperties":0},{"name":"SchemaVersion","type":"Integer","value":"4","numberOfConnectedProperties":0},{"name":"UIDefinition","type":"String","value":"Mats/WallPaint/wallPaintUI.xml","numberOfConnectedProperties":0},{"name":"UIName","type":"String","value":"白色","numberOfConnectedProperties":0},{"name":"VersionGUID","type":"String","value":"F762A3BC-9148-4343-AD9D-F13B866E925A","numberOfConnectedProperties":0},{"name":"assettype","type":"String","value":"materialappearance","numberOfConnectedProperties":0},{"name":"category","type":"String","value":":墙漆/粗面:默认:油漆","numberOfConnectedProperties":0},{"name":"common_Shared_Asset","type":"Integer","value":"1","numberOfConnectedProperties":0},{"name":"common_Tint_color","type":"Double4","value":"0.315 0.315 0.315 1","numberOfConnectedProperties":0},{"name":"common_Tint_toggle","type":"Boolean","value":"False","numberOfConnectedProperties":0},{"name":"description","type":"String","value":"用于内部的油漆材质。","numberOfConnectedProperties":0},{"name":"keyword","type":"String","value":":油漆:白色:粗面:内部:墙:材质","numberOfConnectedProperties":0},{"name":"localname","type":"String","value":"Wall Paint","numberOfConnectedProperties":0},{"name":"localtype","type":"String","value":"Appearance","numberOfConnectedProperties":0},{"name":"mode","type":"Integer","value":"4","numberOfConnectedProperties":0},{"name":"revision","type":"Integer","value":"1","numberOfConnectedProperties":0},{"name":"swatch","type":"String","value":"Swatch-Wall","numberOfConnectedProperties":0},{"name":"thumbnail","type":"String","value":"materialthumbnails_pid_1b94\\6b767eb850bd1df0白色.png","numberOfConnectedProperties":0},{"name":"version","type":"Integer","value":"3","numberOfConnectedProperties":0},{"name":"wallpaint_ao_details","type":"Boolean","value":"False","numberOfConnectedProperties":0},{"name":"wallpaint_ao_distance","type":"Double1","value":"4","numberOfConnectedProperties":0},{"name":"wallpaint_ao_on","type":"Boolean","value":"False","numberOfConnectedProperties":0},{"name":"wallpaint_ao_samples","type":"Integer","value":"16","numberOfConnectedProperties":0},{"name":"wallpaint_application","type":"Integer","value":"1","numberOfConnectedProperties":0},{"name":"wallpaint_color","type":"Double4","value":"0.705882352941177 0.705882352941177 0.705882352941177 1","numberOfConnectedProperties":0},{"name":"wallpaint_color_by_object","type":"Boolean","value":"False","numberOfConnectedProperties":0},{"name":"wallpaint_finish","type":"Integer","value":"0","numberOfConnectedProperties":0},{"name":"wallpaint_refl_depth","type":"Integer","value":"0","numberOfConnectedProperties":0},{"name":"wallpaint_reflection_glossy_samples","type":"Integer","value":"32","numberOfConnectedProperties":0},{"name":"wallpaint_roundcorners_allow_different_materials","type":"Boolean","value":"False","numberOfConnectedProperties":0},{"name":"wallpaint_roundcorners_on","type":"Boolean","value":"False","numberOfConnectedProperties":0},{"name":"wallpaint_roundcorners_radius","type":"Double1","value":"0.25","numberOfConnectedProperties":0},{"name":"PatternOffset","type":"Double2","value":"0 0","numberOfConnectedProperties":0}]}
