{"elementId":"248403","assetType":"Appearance","libraryName":"assetlibrary_base.fbx","title":"","properties":[{"name":"ShadingModel","type":"String","value":"Unknown","numberOfConnectedProperties":0},{"name":"MultiLayer","type":"Boolean","value":"False","numberOfConnectedProperties":0},{"name":"description","type":"String","value":"Stone material.","numberOfConnectedProperties":0},{"name":"version","type":"Integer","value":"3","numberOfConnectedProperties":0},{"name":"revision","type":"Integer","value":"1","numberOfConnectedProperties":0},{"name":"BaseSchema","type":"String","value":"StoneSchema","numberOfConnectedProperties":0},{"name":"AssetLibID","type":"String","value":"314DE259-5443-4621-BFBD-1730C6CC9AE9","numberOfConnectedProperties":0},{"name":"VersionGUID","type":"String","value":"Stone-018","numberOfConnectedProperties":0},{"name":"assettype","type":"String","value":"materialappearance","numberOfConnectedProperties":0},{"name":"common_Tint_toggle","type":"Boolean","value":"False","numberOfConnectedProperties":0},{"name":"common_Tint_color","type":"Double4","value":"0.315 0.315 0.315 1","numberOfConnectedProperties":0},{"name":"SchemaVersion","type":"Integer","value":"1","numberOfConnectedProperties":0},{"name":"localtype","type":"String","value":"Appearance","numberOfConnectedProperties":0},{"name":"localname","type":"String","value":"Stone","numberOfConnectedProperties":0},{"name":"UIName","type":"String","value":"Stone-018","numberOfConnectedProperties":0},{"name":"thumbnail","type":"String","value":"Mats\\Stone\\Presets\\t_Stone-018.png","numberOfConnectedProperties":0},{"name":"Hidden","type":"Boolean","value":"False","numberOfConnectedProperties":0},{"name":"UIDefinition","type":"String","value":"Mats\\Stone\\StoneUI.xml","numberOfConnectedProperties":0},{"name":"AdvancedUIDefinition","type":"String","value":"Mats\\Stone\\StoneAdvancedUI.xml","numberOfConnectedProperties":0},{"name":"ImplementationMentalRay","type":"String","value":"Mats\\Stone\\MentalImage.xml","numberOfConnectedProperties":0},{"name":"ImplementationOGS","type":"String","value":"Mats\\Stone\\OGS.xml","numberOfConnectedProperties":0},{"name":"ImplementationPreview","type":"String","value":"Mats\\Stone\\PreviewColor.xml","numberOfConnectedProperties":0},{"name":"ImplementationGeneric","type":"String","value":"Mats\\Stone\\Generic.xml","numberOfConnectedProperties":0},{"name":"swatch","type":"String","value":"Swatch-Hill","numberOfConnectedProperties":0},{"name":"common_Shared_Asset","type":"Enumeration","value":null,"numberOfConnectedProperties":0},{"name":"stone_color","type":"Reference","value":null,"numberOfConnectedProperties":1},{"name":"Stone-018_stone_color","type":"Asset","value":null,"numberOfConnectedProperties":0},{"name":"stone_application","type":"Enumeration","value":null,"numberOfConnectedProperties":0},{"name":"stone_bump","type":"Enumeration","value":null,"numberOfConnectedProperties":0},{"name":"stone_bump_map","type":"Reference","value":null,"numberOfConnectedProperties":1},{"name":"Stone-018_stone_bump_map","type":"Asset","value":null,"numberOfConnectedProperties":0},{"name":"stone_bump_amount","type":"Double1","value":"0.05","numberOfConnectedProperties":0},{"name":"stone_pattern","type":"Enumeration","value":null,"numberOfConnectedProperties":0},{"name":"stone_pattern_map","type":"Reference","value":null,"numberOfConnectedProperties":1},{"name":"Stone-018_stone_pattern_map","type":"Asset","value":null,"numberOfConnectedProperties":0},{"name":"stone_pattern_amount","type":"Double1","value":"1","numberOfConnectedProperties":0},{"name":"granite_tex","type":"String","value":"Mats\\Stone\\external.dependency\\Simple_Stone_Mtl_Granite_bump.jpg","numberOfConnectedProperties":0},{"name":"stonewall_tex","type":"String","value":"Mats\\Stone\\external.dependency\\Simple_Stone_Mtl_StoneWall_bump.jpg","numberOfConnectedProperties":0},{"name":"marble_tex","type":"String","value":"Mats\\Stone\\external.dependency\\Simple_Stone_Mtl_Marble_bump.jpg","numberOfConnectedProperties":0},{"name":"stone_ao_on","type":"Boolean","value":"False","numberOfConnectedProperties":0},{"name":"stone_ao_samples","type":"Integer","value":"16","numberOfConnectedProperties":0},{"name":"stone_ao_distance","type":"Double1","value":"4","numberOfConnectedProperties":0},{"name":"stone_ao_details","type":"Boolean","value":"False","numberOfConnectedProperties":0},{"name":"stone_roundcorners_on","type":"Boolean","value":"False","numberOfConnectedProperties":0},{"name":"stone_roundcorners_radius","type":"Double1","value":"0.25","numberOfConnectedProperties":0},{"name":"stone_roundcorners_allow_different_materials","type":"Boolean","value":"False","numberOfConnectedProperties":0},{"name":"stone_refl_depth","type":"Integer","value":"0","numberOfConnectedProperties":0},{"name":"reflection_glossy_samples","type":"Integer","value":"32","numberOfConnectedProperties":0},{"name":"uv_channel","type":"Integer","value":"1","numberOfConnectedProperties":0},{"name":"tiling","type":"Double1","value":"1","numberOfConnectedProperties":0},{"name":"mode","type":"Integer","value":"4","numberOfConnectedProperties":0},{"name":"connectionEnabled","type":"Boolean","value":"True","numberOfConnectedProperties":0},{"name":"category","type":"String","value":":Sitework:Default:Stone","numberOfConnectedProperties":0}]}
