{"elementId":"248411","assetType":"Appearance","libraryName":"assetlibrary_base.fbx","title":"","properties":[{"name":"ShadingModel","type":"String","value":"Unknown","numberOfConnectedProperties":0},{"name":"MultiLayer","type":"Boolean","value":"False","numberOfConnectedProperties":0},{"name":"version","type":"Integer","value":"1","numberOfConnectedProperties":0},{"name":"revision","type":"Integer","value":"1","numberOfConnectedProperties":0},{"name":"description","type":"String","value":"Paint material for interiors.","numberOfConnectedProperties":0},{"name":"UIDefinition","type":"String","value":"Mats\\WallPaint\\wallPaintUI.xml","numberOfConnectedProperties":0},{"name":"ImplementationMentalRay","type":"String","value":"Mats\\WallPaint\\MentalImage.xml","numberOfConnectedProperties":0},{"name":"ImplementationMentalRayAdditionalFiles","type":"String","value":"Mats\\WallPaint\\mi.phenomenon\\include\\adsk_Mtl_WallPaint.mi","numberOfConnectedProperties":0},{"name":"ImplementationOGS","type":"String","value":"Mats\\WallPaint\\OGS.xml","numberOfConnectedProperties":0},{"name":"ImplementationPreview","type":"String","value":"Mats\\WallPaint\\PreviewColor.xml","numberOfConnectedProperties":0},{"name":"thumbnail","type":"String","value":"Mats\\WallPaint\\Presets\\t_Paint-059.png","numberOfConnectedProperties":0},{"name":"UIName","type":"String","value":"Paint-059","numberOfConnectedProperties":0},{"name":"InternalType","type":"String","value":"preset","numberOfConnectedProperties":0},{"name":"wallpaint_color_by_object","type":"Boolean","value":"False","numberOfConnectedProperties":0},{"name":"wallpaint_color","type":"Double4","value":"0.867 0.867 0.05 1","numberOfConnectedProperties":0},{"name":"wallpaint_finish","type":"Enumeration","value":null,"numberOfConnectedProperties":0},{"name":"wallpaint_application","type":"Enumeration","value":null,"numberOfConnectedProperties":0},{"name":"wallpaint_reflection_glossy_samples","type":"Integer","value":"32","numberOfConnectedProperties":0},{"name":"mode","type":"Integer","value":"4","numberOfConnectedProperties":0},{"name":"swatch","type":"String","value":"Swatch-Wall","numberOfConnectedProperties":0},{"name":"keyword","type":"String","value":":paint:yellow:gold:matte:interior:wall:materials","numberOfConnectedProperties":0},{"name":"category","type":"String","value":":Wall Paint - Matte:Default:Paint","numberOfConnectedProperties":0}]}
