{"elementId":"254667","assetType":"Appearance","libraryName":"assetlibrary_base.fbx","title":"","properties":[{"name":"ShadingModel","type":"String","value":"Unknown","numberOfConnectedProperties":0},{"name":"MultiLayer","type":"Boolean","value":"False","numberOfConnectedProperties":0},{"name":"description","type":"String","value":"Hardwood material.","numberOfConnectedProperties":0},{"name":"version","type":"Integer","value":"2","numberOfConnectedProperties":0},{"name":"revision","type":"Integer","value":"1","numberOfConnectedProperties":0},{"name":"BaseSchema","type":"String","value":"HardwoodSchema","numberOfConnectedProperties":0},{"name":"AssetLibID","type":"String","value":"AD121259-C03E-4A1D-92D8-59A22B4807AD","numberOfConnectedProperties":0},{"name":"VersionGUID","type":"String","value":"Wood-098","numberOfConnectedProperties":0},{"name":"assettype","type":"String","value":"materialappearance","numberOfConnectedProperties":0},{"name":"common_Tint_toggle","type":"Boolean","value":"False","numberOfConnectedProperties":0},{"name":"common_Tint_color","type":"Double4","value":"0.315 0.315 0.315 1","numberOfConnectedProperties":0},{"name":"SchemaVersion","type":"Integer","value":"1","numberOfConnectedProperties":0},{"name":"localtype","type":"String","value":"Appearance","numberOfConnectedProperties":0},{"name":"localname","type":"String","value":"Wood","numberOfConnectedProperties":0},{"name":"UIName","type":"String","value":"Wood-098","numberOfConnectedProperties":0},{"name":"thumbnail","type":"String","value":"Mats\\Hardwood\\Presets\\t_Wood-098.png","numberOfConnectedProperties":0},{"name":"Hidden","type":"Boolean","value":"False","numberOfConnectedProperties":0},{"name":"UIDefinition","type":"String","value":"Mats\\Hardwood\\HardwoodUI.xml","numberOfConnectedProperties":0},{"name":"AdvancedUIDefinition","type":"String","value":"Mats\\Hardwood\\HardwoodAdvancedUI.xml","numberOfConnectedProperties":0},{"name":"ImplementationMentalRay","type":"String","value":"Mats\\Hardwood\\MentalImage.xml","numberOfConnectedProperties":0},{"name":"ImplementationOGS","type":"String","value":"Mats\\Hardwood\\OGS.xml","numberOfConnectedProperties":0},{"name":"ImplementationPreview","type":"String","value":"Mats\\Hardwood\\PreviewColor.xml","numberOfConnectedProperties":0},{"name":"ImplementationGeneric","type":"String","value":"Mats\\Hardwood\\Generic.xml","numberOfConnectedProperties":0},{"name":"swatch","type":"String","value":"Swatch-Cube","numberOfConnectedProperties":0},{"name":"common_Shared_Asset","type":"Enumeration","value":null,"numberOfConnectedProperties":0},{"name":"hardwood_color","type":"Reference","value":null,"numberOfConnectedProperties":1},{"name":"UnifiedBitmapSchema","type":"Asset","value":null,"numberOfConnectedProperties":0},{"name":"hardwood_tint_color","type":"Double4","value":"1 0.47265625 0.01171875 1","numberOfConnectedProperties":0},{"name":"hardwood_tint_enabled","type":"Enumeration","value":null,"numberOfConnectedProperties":0},{"name":"hardwood_finish","type":"Enumeration","value":null,"numberOfConnectedProperties":0},{"name":"hardwood_application","type":"Enumeration","value":null,"numberOfConnectedProperties":0},{"name":"hardwood_imperfections","type":"Enumeration","value":null,"numberOfConnectedProperties":0},{"name":"hardwood_imperfections_amount","type":"Double1","value":"0.3","numberOfConnectedProperties":0},{"name":"hardwood_imperfections_shader","type":"Reference","value":null,"numberOfConnectedProperties":1},{"name":"UnifiedBitmapSchema","type":"Asset","value":null,"numberOfConnectedProperties":0},{"name":"hardwood_ao_on","type":"Boolean","value":"False","numberOfConnectedProperties":0},{"name":"hardwood_ao_samples","type":"Integer","value":"16","numberOfConnectedProperties":0},{"name":"hardwood_ao_distance","type":"Double1","value":"4","numberOfConnectedProperties":0},{"name":"hardwood_ao_details","type":"Boolean","value":"False","numberOfConnectedProperties":0},{"name":"hardwood_roundcorners_on","type":"Boolean","value":"False","numberOfConnectedProperties":0},{"name":"hardwood_roundcorners_radius","type":"Double1","value":"0.25","numberOfConnectedProperties":0},{"name":"hardwood_roundcorners_allow_different_materials","type":"Boolean","value":"False","numberOfConnectedProperties":0},{"name":"hardwood_refl_depth","type":"Integer","value":"0","numberOfConnectedProperties":0},{"name":"reflection_glossy_samples","type":"Integer","value":"32","numberOfConnectedProperties":0},{"name":"mode","type":"Integer","value":"4","numberOfConnectedProperties":0},{"name":"connectionEnabled","type":"Boolean","value":"True","numberOfConnectedProperties":0},{"name":"category","type":"String","value":":Wood:Default","numberOfConnectedProperties":0}]}
