{"elementId":"254655","assetType":"Appearance","libraryName":"assetlibrary_base.fbx","title":"","properties":[{"name":"ShadingModel","type":"String","value":"Unknown","numberOfConnectedProperties":0},{"name":"MultiLayer","type":"Boolean","value":"False","numberOfConnectedProperties":0},{"name":"description","type":"String","value":"Images courtesy of Precast/Prestressed Concrete Institute (PCI).","numberOfConnectedProperties":0},{"name":"version","type":"Integer","value":"2","numberOfConnectedProperties":0},{"name":"revision","type":"Integer","value":"1","numberOfConnectedProperties":0},{"name":"BaseSchema","type":"String","value":"ConcreteSchema","numberOfConnectedProperties":0},{"name":"AssetLibID","type":"String","value":"05AB8C01-9E15-4D19-8791-5CD982F715F4","numberOfConnectedProperties":0},{"name":"VersionGUID","type":"String","value":"Concrete-005","numberOfConnectedProperties":0},{"name":"assettype","type":"String","value":"materialappearance","numberOfConnectedProperties":0},{"name":"common_Tint_toggle","type":"Boolean","value":"False","numberOfConnectedProperties":0},{"name":"common_Tint_color","type":"Double4","value":"0.315 0.315 0.315 1","numberOfConnectedProperties":0},{"name":"SchemaVersion","type":"Integer","value":"1","numberOfConnectedProperties":0},{"name":"localtype","type":"String","value":"Appearance","numberOfConnectedProperties":0},{"name":"localname","type":"String","value":"Concrete","numberOfConnectedProperties":0},{"name":"UIName","type":"String","value":"Concrete-005","numberOfConnectedProperties":0},{"name":"thumbnail","type":"String","value":"Mats\\Concrete\\Presets\\t_Concrete-005.png","numberOfConnectedProperties":0},{"name":"Hidden","type":"Boolean","value":"False","numberOfConnectedProperties":0},{"name":"UIDefinition","type":"String","value":"Mats\\Concrete\\ConcreteUI.xml","numberOfConnectedProperties":0},{"name":"AdvancedUIDefinition","type":"String","value":"Mats\\Concrete\\ConcreteAdvancedUI.xml","numberOfConnectedProperties":0},{"name":"ImplementationMentalRay","type":"String","value":"Mats\\Concrete\\MentalImage.xml","numberOfConnectedProperties":0},{"name":"ImplementationOGS","type":"String","value":"Mats\\Concrete\\OGS.xml","numberOfConnectedProperties":0},{"name":"ImplementationPreview","type":"String","value":"Mats\\Concrete\\PreviewColor.xml","numberOfConnectedProperties":0},{"name":"ImplementationGeneric","type":"String","value":"Mats\\Concrete\\Generic.xml","numberOfConnectedProperties":0},{"name":"swatch","type":"String","value":"Swatch-Cube","numberOfConnectedProperties":0},{"name":"common_Shared_Asset","type":"Enumeration","value":null,"numberOfConnectedProperties":0},{"name":"concrete_finish","type":"Enumeration","value":null,"numberOfConnectedProperties":0},{"name":"concrete_bump_map","type":"Reference","value":null,"numberOfConnectedProperties":1},{"name":"UnifiedBitmapSchema","type":"Asset","value":null,"numberOfConnectedProperties":0},{"name":"concrete_bump_amount","type":"Double1","value":"1","numberOfConnectedProperties":0},{"name":"concrete_sealant","type":"Enumeration","value":null,"numberOfConnectedProperties":0},{"name":"concrete_color_by_object","type":"Boolean","value":"False","numberOfConnectedProperties":0},{"name":"concrete_color","type":"Double4","value":"0.75 0.7 0.68 1","numberOfConnectedProperties":0},{"name":"concrete_brightmode","type":"Enumeration","value":null,"numberOfConnectedProperties":0},{"name":"concrete_bm_map","type":"Reference","value":null,"numberOfConnectedProperties":1},{"name":"UnifiedBitmapSchema","type":"Asset","value":null,"numberOfConnectedProperties":0},{"name":"broom_curved","type":"String","value":"Mats\\Concrete\\external.dependency\\Simple_Concrete_Mtl_BroomCurved_pattern.jpg","numberOfConnectedProperties":0},{"name":"broom_straight","type":"String","value":"Mats\\Concrete\\external.dependency\\Simple_Concrete_Mtl_BroomStraight_pattern.jpg","numberOfConnectedProperties":0},{"name":"concrete_ao_on","type":"Boolean","value":"False","numberOfConnectedProperties":0},{"name":"concrete_ao_samples","type":"Integer","value":"16","numberOfConnectedProperties":0},{"name":"concrete_ao_distance","type":"Double1","value":"4","numberOfConnectedProperties":0},{"name":"concrete_ao_details","type":"Boolean","value":"False","numberOfConnectedProperties":0},{"name":"concrete_roundcorners_on","type":"Boolean","value":"False","numberOfConnectedProperties":0},{"name":"concrete_roundcorners_radius","type":"Double1","value":"0.25","numberOfConnectedProperties":0},{"name":"concrete_roundcorners_allow_different_materials","type":"Boolean","value":"False","numberOfConnectedProperties":0},{"name":"concrete_refl_depth","type":"Integer","value":"0","numberOfConnectedProperties":0},{"name":"reflection_glossy_samples","type":"Integer","value":"32","numberOfConnectedProperties":0},{"name":"uv_channel","type":"Integer","value":"1","numberOfConnectedProperties":0},{"name":"scale","type":"Double1","value":"1","numberOfConnectedProperties":0},{"name":"mode","type":"Integer","value":"4","numberOfConnectedProperties":0},{"name":"connectionEnabled","type":"Boolean","value":"True","numberOfConnectedProperties":0},{"name":"category","type":"String","value":":Concrete:Default","numberOfConnectedProperties":0}]}
