{"elementId":"254646","assetType":"Appearance","libraryName":"assetlibrary_base.fbx","title":"","properties":[{"name":"ShadingModel","type":"String","value":"Unknown","numberOfConnectedProperties":0},{"name":"MultiLayer","type":"Boolean","value":"False","numberOfConnectedProperties":0},{"name":"description","type":"String","value":"Generic material.","numberOfConnectedProperties":0},{"name":"version","type":"Integer","value":"2","numberOfConnectedProperties":0},{"name":"revision","type":"Integer","value":"1","numberOfConnectedProperties":0},{"name":"BaseSchema","type":"String","value":"GenericSchema","numberOfConnectedProperties":0},{"name":"AssetLibID","type":"String","value":"AD121259-C03E-4A1D-92D8-59A22B4807AD","numberOfConnectedProperties":0},{"name":"VersionGUID","type":"String","value":"ACADGen-346","numberOfConnectedProperties":0},{"name":"assettype","type":"String","value":"materialappearance","numberOfConnectedProperties":0},{"name":"common_Tint_toggle","type":"Boolean","value":"False","numberOfConnectedProperties":0},{"name":"common_Tint_color","type":"Double4","value":"0.315 0.315 0.315 1","numberOfConnectedProperties":0},{"name":"SchemaVersion","type":"Integer","value":"1","numberOfConnectedProperties":0},{"name":"localtype","type":"String","value":"Appearance","numberOfConnectedProperties":0},{"name":"localname","type":"String","value":"Generic","numberOfConnectedProperties":0},{"name":"UIName","type":"String","value":"ACADGen-346","numberOfConnectedProperties":0},{"name":"thumbnail","type":"String","value":"Mats\\Generic\\Presets\\t_ACADGen-346.png","numberOfConnectedProperties":0},{"name":"Hidden","type":"Boolean","value":"False","numberOfConnectedProperties":0},{"name":"UIDefinition","type":"String","value":"Mats\\Generic\\GenericUI.xml","numberOfConnectedProperties":0},{"name":"AdvancedUIDefinition","type":"String","value":"Mats\\Generic\\GenericAdvancedUI.xml","numberOfConnectedProperties":0},{"name":"ImplementationMentalRay","type":"String","value":"Mats\\Generic\\MentalImage.xml","numberOfConnectedProperties":0},{"name":"ImplementationOGS","type":"String","value":"Mats\\Generic\\OGS.xml","numberOfConnectedProperties":0},{"name":"ImplementationPreview","type":"String","value":"Mats\\Generic\\PreviewColor.xml","numberOfConnectedProperties":0},{"name":"ImplementationGeneric","type":"String","value":"","numberOfConnectedProperties":0},{"name":"swatch","type":"String","value":"Swatch-Hill","numberOfConnectedProperties":0},{"name":"common_Shared_Asset","type":"Enumeration","value":null,"numberOfConnectedProperties":0},{"name":"color_by_object","type":"Boolean","value":"False","numberOfConnectedProperties":0},{"name":"generic_diffuse","type":"Double4","value":"0.7940702 0.7908254 0.7125997 1","numberOfConnectedProperties":1},{"name":"UnifiedBitmapSchema","type":"Asset","value":null,"numberOfConnectedProperties":0},{"name":"generic_diffuse_image_fade","type":"Double1","value":"1","numberOfConnectedProperties":0},{"name":"generic_reflectivity_at_0deg","type":"Double1","value":"0","numberOfConnectedProperties":0},{"name":"generic_reflectivity_at_90deg","type":"Double1","value":"0","numberOfConnectedProperties":0},{"name":"generic_glossiness","type":"Double1","value":"0","numberOfConnectedProperties":0},{"name":"generic_is_metal","type":"Boolean","value":"False","numberOfConnectedProperties":0},{"name":"generic_transparency","type":"Double1","value":"0","numberOfConnectedProperties":0},{"name":"generic_transparency_image_fade","type":"Double1","value":"1","numberOfConnectedProperties":0},{"name":"generic_refraction_index","type":"Double1","value":"1","numberOfConnectedProperties":0},{"name":"generic_refraction_translucency_weight","type":"Double1","value":"0","numberOfConnectedProperties":0},{"name":"generic_cutout_opacity","type":"Double1","value":"1","numberOfConnectedProperties":0},{"name":"generic_backface_cull","type":"Boolean","value":"False","numberOfConnectedProperties":0},{"name":"generic_self_illum_luminance","type":"Double1","value":"0","numberOfConnectedProperties":0},{"name":"generic_self_illum_color_temperature","type":"Double1","value":"6500","numberOfConnectedProperties":0},{"name":"generic_self_illum_filter_map","type":"Double4","value":"1 1 1 1","numberOfConnectedProperties":0},{"name":"generic_bump_amount","type":"Double1","value":"1.7358508530763E-201","numberOfConnectedProperties":0},{"name":"generic_bump_map","type":"Double4","value":"0 0 0 1","numberOfConnectedProperties":0},{"name":"generic_ao_on","type":"Boolean","value":"False","numberOfConnectedProperties":0},{"name":"generic_ao_samples","type":"Integer","value":"16","numberOfConnectedProperties":0},{"name":"generic_ao_distance","type":"Double1","value":"4","numberOfConnectedProperties":0},{"name":"generic_ao_details","type":"Boolean","value":"True","numberOfConnectedProperties":0},{"name":"generic_roundcorners_radius","type":"Double1","value":"0","numberOfConnectedProperties":0},{"name":"generic_roundcorners_allow_different_materials","type":"Boolean","value":"False","numberOfConnectedProperties":0},{"name":"generic_refl_depth","type":"Integer","value":"0","numberOfConnectedProperties":0},{"name":"generic_refr_depth","type":"Integer","value":"-1","numberOfConnectedProperties":0},{"name":"generic_reflection_glossy_samples","type":"Integer","value":"12","numberOfConnectedProperties":0},{"name":"generic_refraction_glossy_samples","type":"Integer","value":"12","numberOfConnectedProperties":0},{"name":"mode","type":"Integer","value":"4","numberOfConnectedProperties":0},{"name":"connectionEnabled","type":"Boolean","value":"True","numberOfConnectedProperties":0},{"name":"category","type":"String","value":":Sitework:Default:Miscellaneous","numberOfConnectedProperties":0}]}
