{"elementId":"254658","assetType":"Appearance","libraryName":"assetlibrary_base.fbx","title":"","properties":[{"name":"ShadingModel","type":"String","value":"Unknown","numberOfConnectedProperties":0},{"name":"MultiLayer","type":"Boolean","value":"False","numberOfConnectedProperties":0},{"name":"description","type":"String","value":"塑料和乙烯树脂材质。","numberOfConnectedProperties":0},{"name":"version","type":"Integer","value":"2","numberOfConnectedProperties":0},{"name":"revision","type":"Integer","value":"1","numberOfConnectedProperties":0},{"name":"BaseSchema","type":"String","value":"PlasticVinylSchema","numberOfConnectedProperties":0},{"name":"AssetLibID","type":"String","value":"AD121259-C03E-4A1D-92D8-59A22B4807AD","numberOfConnectedProperties":0},{"name":"VersionGUID","type":"String","value":"Plastic-003","numberOfConnectedProperties":0},{"name":"assettype","type":"String","value":"materialappearance","numberOfConnectedProperties":0},{"name":"common_Tint_toggle","type":"Boolean","value":"False","numberOfConnectedProperties":0},{"name":"common_Tint_color","type":"Double4","value":"0.315 0.315 0.315 1","numberOfConnectedProperties":0},{"name":"SchemaVersion","type":"Integer","value":"1","numberOfConnectedProperties":0},{"name":"localtype","type":"String","value":"Appearance","numberOfConnectedProperties":0},{"name":"localname","type":"String","value":"Plastic","numberOfConnectedProperties":0},{"name":"UIName","type":"String","value":"粗糙带纹理 - 黑色","numberOfConnectedProperties":0},{"name":"thumbnail","type":"String","value":"materialthumbnails_pid_1b94\\6b0adfb050164c38粗糙带纹理 - 黑色.png","numberOfConnectedProperties":0},{"name":"Hidden","type":"Boolean","value":"False","numberOfConnectedProperties":0},{"name":"UIDefinition","type":"String","value":"Mats\\PlasticVinyl\\PlasticVinylUI.xml","numberOfConnectedProperties":0},{"name":"AdvancedUIDefinition","type":"String","value":"Mats\\PlasticVinyl\\PlasticVinylAdvancedUI.xml","numberOfConnectedProperties":0},{"name":"ImplementationMentalRay","type":"String","value":"Mats\\PlasticVinyl\\MentalImage.xml","numberOfConnectedProperties":0},{"name":"ImplementationOGS","type":"String","value":"Mats\\PlasticVinyl\\OGS.xml","numberOfConnectedProperties":0},{"name":"ImplementationPreview","type":"String","value":"Mats\\PlasticVinyl\\PreviewColor.xml","numberOfConnectedProperties":0},{"name":"ImplementationGeneric","type":"String","value":"Mats\\PlasticVinyl\\Generic.xml","numberOfConnectedProperties":0},{"name":"swatch","type":"String","value":"Swatch-Cylinder","numberOfConnectedProperties":0},{"name":"common_Shared_Asset","type":"Enumeration","value":null,"numberOfConnectedProperties":0},{"name":"plasticvinyl_type","type":"Enumeration","value":null,"numberOfConnectedProperties":0},{"name":"plasticvinyl_color_by_object","type":"Boolean","value":"False","numberOfConnectedProperties":0},{"name":"plasticvinyl_color","type":"Double4","value":"0.02 0.02 0.02 1","numberOfConnectedProperties":0},{"name":"plasticvinyl_application","type":"Enumeration","value":null,"numberOfConnectedProperties":0},{"name":"plasticvinyl_bump","type":"Enumeration","value":null,"numberOfConnectedProperties":0},{"name":"plasticvinyl_bump_map","type":"Reference","value":null,"numberOfConnectedProperties":1},{"name":"UnifiedBitmapSchema","type":"Asset","value":null,"numberOfConnectedProperties":0},{"name":"plasticvinyl_bump_amount","type":"Double1","value":"0.5","numberOfConnectedProperties":0},{"name":"plasticvinyl_pattern","type":"Enumeration","value":null,"numberOfConnectedProperties":0},{"name":"plasticvinyl_pattern_map","type":"Reference","value":null,"numberOfConnectedProperties":1},{"name":"UnifiedBitmapSchema","type":"Asset","value":null,"numberOfConnectedProperties":0},{"name":"plasticvinyl_pattern_amount","type":"Double1","value":"0.25","numberOfConnectedProperties":0},{"name":"plasticvinyl_ao_on","type":"Boolean","value":"False","numberOfConnectedProperties":0},{"name":"plasticvinyl_ao_samples","type":"Integer","value":"16","numberOfConnectedProperties":0},{"name":"plasticvinyl_ao_distance","type":"Double1","value":"4","numberOfConnectedProperties":0},{"name":"plasticvinyl_ao_details","type":"Boolean","value":"False","numberOfConnectedProperties":0},{"name":"plasticvinyl_roundcorners_on","type":"Boolean","value":"False","numberOfConnectedProperties":0},{"name":"plasticvinyl_roundcorners_radius","type":"Double1","value":"0.25","numberOfConnectedProperties":0},{"name":"plasticvinyl_roundcorners_allow_different_materials","type":"Boolean","value":"False","numberOfConnectedProperties":0},{"name":"plasticvinyl_refl_depth","type":"Integer","value":"0","numberOfConnectedProperties":0},{"name":"plasticvinyl_refr_depth","type":"Integer","value":"-1","numberOfConnectedProperties":0},{"name":"reflection_glossy_samples","type":"Integer","value":"32","numberOfConnectedProperties":0},{"name":"refraction_glossy_samples","type":"Integer","value":"32","numberOfConnectedProperties":0},{"name":"mode","type":"Integer","value":"4","numberOfConnectedProperties":0},{"name":"connectionEnabled","type":"Boolean","value":"True","numberOfConnectedProperties":0},{"name":"PatternOffset","type":"Double2","value":"0 0","numberOfConnectedProperties":0}]}
