{"elementId":"263719","assetType":"Appearance","libraryName":"assetlibrary_base.fbx","title":"","properties":[{"name":"ShadingModel","type":"String","value":"Unknown","numberOfConnectedProperties":0},{"name":"MultiLayer","type":"Boolean","value":"False","numberOfConnectedProperties":0},{"name":"version","type":"Integer","value":"1","numberOfConnectedProperties":0},{"name":"revision","type":"Integer","value":"1","numberOfConnectedProperties":0},{"name":"description","type":"String","value":"Hardwood material.","numberOfConnectedProperties":0},{"name":"UIDefinition","type":"String","value":"Mats\\Hardwood\\HardwoodUI.xml","numberOfConnectedProperties":0},{"name":"ImplementationMentalRay","type":"String","value":"Mats\\Hardwood\\MentalImage.xml","numberOfConnectedProperties":0},{"name":"ImplementationMentalRayAdditionalFiles","type":"String","value":"Mats\\Hardwood\\mi.phenomenon\\include\\adsk_Mtl_Hardwood.mi","numberOfConnectedProperties":0},{"name":"ImplementationOGS","type":"String","value":"Mats\\Hardwood\\OGS.xml","numberOfConnectedProperties":0},{"name":"ImplementationPreview","type":"String","value":"Mats\\Hardwood\\PreviewColor.xml","numberOfConnectedProperties":0},{"name":"thumbnail","type":"String","value":"Mats\\Hardwood\\Presets\\t_Wood-100.png","numberOfConnectedProperties":0},{"name":"UIName","type":"String","value":"Wood-100","numberOfConnectedProperties":0},{"name":"InternalType","type":"String","value":"preset","numberOfConnectedProperties":0},{"name":"hardwood_color","type":"Reference","value":null,"numberOfConnectedProperties":1},{"name":"Wood-100_hardwood_color","type":"Asset","value":null,"numberOfConnectedProperties":0},{"name":"hardwood_tint_color","type":"Double4","value":"0.886719 0.453125 0.097656 1","numberOfConnectedProperties":0},{"name":"hardwood_tint_enabled","type":"Enumeration","value":null,"numberOfConnectedProperties":0},{"name":"hardwood_finish","type":"Enumeration","value":null,"numberOfConnectedProperties":0},{"name":"hardwood_application","type":"Enumeration","value":null,"numberOfConnectedProperties":0},{"name":"hardwood_imperfections","type":"Enumeration","value":null,"numberOfConnectedProperties":0},{"name":"hardwood_imperfections_amount","type":"Float","value":null,"numberOfConnectedProperties":0},{"name":"hardwood_imperfections_shader","type":"Reference","value":null,"numberOfConnectedProperties":1},{"name":"Wood-100_hardwood_imperfections_shader","type":"Asset","value":null,"numberOfConnectedProperties":0},{"name":"reflection_glossy_samples","type":"Integer","value":"32","numberOfConnectedProperties":0},{"name":"mode","type":"Integer","value":"4","numberOfConnectedProperties":0},{"name":"swatch","type":"String","value":"Swatch-Cube","numberOfConnectedProperties":0},{"name":"category","type":"String","value":":Wood:Default","numberOfConnectedProperties":0}]}
