{"elementId":"269687","assetType":"Appearance","libraryName":"assetlibrary_base.fbx","title":"","properties":[{"name":"AdvancedUIDefinition","type":"String","value":"Mats/Metal/metalAdvancedUI.xml","numberOfConnectedProperties":0},{"name":"AssetLibID","type":"String","value":"314DE259-5443-4621-BFBD-1730C6CC9AE9","numberOfConnectedProperties":0},{"name":"BaseSchema","type":"String","value":"MetalSchema","numberOfConnectedProperties":0},{"name":"ExchangeGUID","type":"String","value":"","numberOfConnectedProperties":0},{"name":"Hidden","type":"Boolean","value":"False","numberOfConnectedProperties":0},{"name":"ImplementationGeneric","type":"String","value":"Mats/Metal/Generic.xml","numberOfConnectedProperties":0},{"name":"ImplementationMentalRay","type":"String","value":"Mats/Metal/MentalImage.xml","numberOfConnectedProperties":0},{"name":"ImplementationOGS","type":"String","value":"Mats/Metal/OGS.xml","numberOfConnectedProperties":0},{"name":"ImplementationPreview","type":"String","value":"Mats/Metal/PreviewColor.xml","numberOfConnectedProperties":0},{"name":"SchemaVersion","type":"Integer","value":"4","numberOfConnectedProperties":0},{"name":"UIDefinition","type":"String","value":"Mats/Metal/metalUI.xml","numberOfConnectedProperties":0},{"name":"UIName","type":"String","value":"金属 - 铝 (1)","numberOfConnectedProperties":0},{"name":"VersionGUID","type":"String","value":"325488E2-EBF1-4108-BD12-64AE779B3A88","numberOfConnectedProperties":0},{"name":"assettype","type":"String","value":"materialappearance","numberOfConnectedProperties":0},{"name":"break_def_map","type":"String","value":"mats\\metal\\external.dependency\\simple_metal_mtl_break_pattern.jpg","numberOfConnectedProperties":0},{"name":"brush_def_map","type":"String","value":"mats\\metal\\external.dependency\\simple_metal_mtl_brush_pattern.jpg","numberOfConnectedProperties":0},{"name":"bump_checker_map","type":"String","value":"mats\\metal\\external.dependency\\simple_metal_mtl_checkerplate_pattern.jpg","numberOfConnectedProperties":0},{"name":"bump_diamond_map","type":"String","value":"mats\\metal\\external.dependency\\simple_metal_mtl_diamondplate_pattern.jpg","numberOfConnectedProperties":0},{"name":"category","type":"String","value":":Metal/Aluminum:Default:Metal","numberOfConnectedProperties":0},{"name":"common_Shared_Asset","type":"Integer","value":"1","numberOfConnectedProperties":0},{"name":"common_Tint_color","type":"Double4","value":"0.274509803921569 0.274509803921569 0.274509803921569 1","numberOfConnectedProperties":0},{"name":"common_Tint_toggle","type":"Boolean","value":"True","numberOfConnectedProperties":0},{"name":"description","type":"String","value":"Metal.","numberOfConnectedProperties":0},{"name":"keyword","type":"String","value":":aluminum:aluminium:metal:materials","numberOfConnectedProperties":0},{"name":"localname","type":"String","value":"Metal","numberOfConnectedProperties":0},{"name":"localtype","type":"String","value":"Appearance","numberOfConnectedProperties":0},{"name":"metal_ao_details","type":"Boolean","value":"False","numberOfConnectedProperties":0},{"name":"metal_ao_distance","type":"Double1","value":"4","numberOfConnectedProperties":0},{"name":"metal_ao_on","type":"Boolean","value":"False","numberOfConnectedProperties":0},{"name":"metal_ao_samples","type":"Integer","value":"16","numberOfConnectedProperties":0},{"name":"metal_color","type":"Double4","value":"0.6 0.6 0.6 1","numberOfConnectedProperties":0},{"name":"metal_color_by_object","type":"Boolean","value":"False","numberOfConnectedProperties":0},{"name":"metal_finish","type":"Integer","value":"2","numberOfConnectedProperties":0},{"name":"metal_patina","type":"Double1","value":"0","numberOfConnectedProperties":0},{"name":"metal_pattern","type":"Integer","value":"0","numberOfConnectedProperties":0},{"name":"metal_pattern_height","type":"Double1","value":"0.3","numberOfConnectedProperties":0},{"name":"metal_pattern_scale","type":"Double1","value":"1","numberOfConnectedProperties":0},{"name":"metal_pattern_shader","type":"Reference","value":null,"numberOfConnectedProperties":1},{"name":"UnifiedBitmapSchema","type":"Asset","value":null,"numberOfConnectedProperties":0},{"name":"metal_perforations","type":"Integer","value":"0","numberOfConnectedProperties":0},{"name":"metal_perforations_center","type":"Double1","value":"0.6875","numberOfConnectedProperties":0},{"name":"metal_perforations_shader","type":"Reference","value":null,"numberOfConnectedProperties":1},{"name":"UnifiedBitmapSchema","type":"Asset","value":null,"numberOfConnectedProperties":0},{"name":"metal_perforations_size","type":"Double1","value":"0.5","numberOfConnectedProperties":0},{"name":"metal_perforations_space","type":"Double1","value":"0.2","numberOfConnectedProperties":0},{"name":"metal_refl_depth","type":"Integer","value":"0","numberOfConnectedProperties":0},{"name":"metal_roundcorners_allow_different_materials","type":"Boolean","value":"False","numberOfConnectedProperties":0},{"name":"metal_roundcorners_on","type":"Boolean","value":"False","numberOfConnectedProperties":0},{"name":"metal_roundcorners_radius","type":"Double1","value":"0.25","numberOfConnectedProperties":0},{"name":"metal_type","type":"Integer","value":"0","numberOfConnectedProperties":0},{"name":"mode","type":"Integer","value":"4","numberOfConnectedProperties":0},{"name":"reflection_glossy_samples","type":"Integer","value":"32","numberOfConnectedProperties":0},{"name":"revision","type":"Integer","value":"1","numberOfConnectedProperties":0},{"name":"swatch","type":"String","value":"Swatch-Sphere2","numberOfConnectedProperties":0},{"name":"thumbnail","type":"String","value":"C:/Users/yuanzm/AppData/Local/Temp/MaterialThumbnails_PID_3c24/e21b8f0金属 - 铝 (1).png","numberOfConnectedProperties":0},{"name":"version","type":"Integer","value":"4","numberOfConnectedProperties":0},{"name":"PatternOffset","type":"Double2","value":"0 0","numberOfConnectedProperties":0}]}
