{"elementId":"269688","assetType":"Appearance","libraryName":"assetlibrary_base.fbx","title":"","properties":[{"name":"AdvancedUIDefinition","type":"String","value":"Mats/Glazing/GlazingAdvancedUI.xml","numberOfConnectedProperties":0},{"name":"AssetLibID","type":"String","value":"314DE259-5443-4621-BFBD-1730C6CC9AE9","numberOfConnectedProperties":0},{"name":"BaseSchema","type":"String","value":"GlazingSchema","numberOfConnectedProperties":0},{"name":"ExchangeGUID","type":"String","value":"","numberOfConnectedProperties":0},{"name":"Hidden","type":"Boolean","value":"False","numberOfConnectedProperties":0},{"name":"ImplementationGeneric","type":"String","value":"Mats/Glazing/Generic.xml","numberOfConnectedProperties":0},{"name":"ImplementationMentalRay","type":"String","value":"Mats/Glazing/MentalImage.xml","numberOfConnectedProperties":0},{"name":"ImplementationOGS","type":"String","value":"Mats/Glazing/OGS.xml","numberOfConnectedProperties":0},{"name":"ImplementationPreview","type":"String","value":"Mats/Glazing/PreviewColor.xml","numberOfConnectedProperties":0},{"name":"SchemaVersion","type":"Integer","value":"4","numberOfConnectedProperties":0},{"name":"UIDefinition","type":"String","value":"Mats/Glazing/GlazingUI.xml","numberOfConnectedProperties":0},{"name":"UIName","type":"String","value":"玻璃 - 图案","numberOfConnectedProperties":0},{"name":"VersionGUID","type":"String","value":"8E5628DC-3127-4A73-B5D1-EBBB9488F516","numberOfConnectedProperties":0},{"name":"assettype","type":"String","value":"materialappearance","numberOfConnectedProperties":0},{"name":"category","type":"String","value":":Glass/Glazing:Default:Glass","numberOfConnectedProperties":0},{"name":"common_Shared_Asset","type":"Integer","value":"1","numberOfConnectedProperties":0},{"name":"common_Tint_color","type":"Double4","value":"0.8 0.847058823529412 0.835294117647059 1","numberOfConnectedProperties":0},{"name":"common_Tint_toggle","type":"Boolean","value":"True","numberOfConnectedProperties":0},{"name":"description","type":"String","value":"Glazing material.","numberOfConnectedProperties":0},{"name":"glazing_color_by_object","type":"Boolean","value":"False","numberOfConnectedProperties":0},{"name":"glazing_no_levels","type":"Integer","value":"2","numberOfConnectedProperties":0},{"name":"glazing_refl_depth","type":"Integer","value":"0","numberOfConnectedProperties":0},{"name":"glazing_reflectance","type":"Double1","value":"0.05","numberOfConnectedProperties":0},{"name":"glazing_refr_depth","type":"Integer","value":"-1","numberOfConnectedProperties":0},{"name":"glazing_transmittance_color","type":"Integer","value":"0","numberOfConnectedProperties":0},{"name":"glazing_transmittance_map","type":"Double4","value":"0.776 0.827 0.769 1","numberOfConnectedProperties":0},{"name":"keyword","type":"String","value":":glass:glazing:window:clear:smooth:materials","numberOfConnectedProperties":0},{"name":"localname","type":"String","value":"Glazing","numberOfConnectedProperties":0},{"name":"localtype","type":"String","value":"Appearance","numberOfConnectedProperties":0},{"name":"mode","type":"Integer","value":"4","numberOfConnectedProperties":0},{"name":"revision","type":"Integer","value":"1","numberOfConnectedProperties":0},{"name":"swatch","type":"String","value":"Swatch-CurtainWall","numberOfConnectedProperties":0},{"name":"thumbnail","type":"String","value":"mats\\glazing\\presets\\t_glazing-012.png","numberOfConnectedProperties":0},{"name":"version","type":"Integer","value":"4","numberOfConnectedProperties":0},{"name":"PatternOffset","type":"Double2","value":"0 0","numberOfConnectedProperties":0}]}
