{"elementId":"363606","assetType":"Appearance","libraryName":"assetlibrary_base.fbx","title":"","properties":[{"name":"AdvancedUIDefinition","type":"String","value":"Mats/WallPaint/wallPaintAdvancedUI.xml","numberOfConnectedProperties":0},{"name":"AssetLibID","type":"String","value":"AD121259-C03E-4A1D-92D8-59A22B4807AD","numberOfConnectedProperties":0},{"name":"BaseSchema","type":"String","value":"WallPaintSchema","numberOfConnectedProperties":0},{"name":"ExchangeGUID","type":"String","value":"","numberOfConnectedProperties":0},{"name":"Hidden","type":"Boolean","value":"False","numberOfConnectedProperties":0},{"name":"ImplementationGeneric","type":"String","value":"Mats/WallPaint/Generic.xml","numberOfConnectedProperties":0},{"name":"ImplementationMentalRay","type":"String","value":"Mats/WallPaint/MentalImage.xml","numberOfConnectedProperties":0},{"name":"ImplementationOGS","type":"String","value":"Mats/WallPaint/OGS.xml","numberOfConnectedProperties":0},{"name":"ImplementationPreview","type":"String","value":"Mats/WallPaint/PreviewColor.xml","numberOfConnectedProperties":0},{"name":"SchemaVersion","type":"Integer","value":"4","numberOfConnectedProperties":0},{"name":"UIDefinition","type":"String","value":"Mats/WallPaint/wallPaintUI.xml","numberOfConnectedProperties":0},{"name":"UIName","type":"String","value":"无光泽象牙白","numberOfConnectedProperties":0},{"name":"VersionGUID","type":"String","value":"Paint-053","numberOfConnectedProperties":0},{"name":"assettype","type":"String","value":"materialappearance","numberOfConnectedProperties":0},{"name":"category","type":"String","value":":Wall Paint/Matte:Default:Paint","numberOfConnectedProperties":0},{"name":"common_Shared_Asset","type":"Integer","value":"1","numberOfConnectedProperties":0},{"name":"common_Tint_color","type":"Double4","value":"0.315 0.315 0.315 1","numberOfConnectedProperties":0},{"name":"common_Tint_toggle","type":"Boolean","value":"False","numberOfConnectedProperties":0},{"name":"description","type":"String","value":"Paint material for interiors.","numberOfConnectedProperties":0},{"name":"keyword","type":"String","value":":paint:white:ivory:matte:interior:wall:materials","numberOfConnectedProperties":0},{"name":"localname","type":"String","value":"Wall Paint","numberOfConnectedProperties":0},{"name":"localtype","type":"String","value":"Appearance","numberOfConnectedProperties":0},{"name":"mode","type":"Integer","value":"4","numberOfConnectedProperties":0},{"name":"revision","type":"Integer","value":"1","numberOfConnectedProperties":0},{"name":"swatch","type":"String","value":"Swatch-Wall","numberOfConnectedProperties":0},{"name":"thumbnail","type":"String","value":"mats\\wallpaint\\presets\\t_paint-053.png","numberOfConnectedProperties":0},{"name":"version","type":"Integer","value":"4","numberOfConnectedProperties":0},{"name":"wallpaint_ao_details","type":"Boolean","value":"False","numberOfConnectedProperties":0},{"name":"wallpaint_ao_distance","type":"Double1","value":"4","numberOfConnectedProperties":0},{"name":"wallpaint_ao_on","type":"Boolean","value":"False","numberOfConnectedProperties":0},{"name":"wallpaint_ao_samples","type":"Integer","value":"16","numberOfConnectedProperties":0},{"name":"wallpaint_application","type":"Integer","value":"0","numberOfConnectedProperties":0},{"name":"wallpaint_color","type":"Double4","value":"0.85 0.85 0.8 1","numberOfConnectedProperties":0},{"name":"wallpaint_color_by_object","type":"Boolean","value":"False","numberOfConnectedProperties":0},{"name":"wallpaint_finish","type":"Integer","value":"0","numberOfConnectedProperties":0},{"name":"wallpaint_refl_depth","type":"Integer","value":"0","numberOfConnectedProperties":0},{"name":"wallpaint_reflection_glossy_samples","type":"Integer","value":"32","numberOfConnectedProperties":0},{"name":"wallpaint_roundcorners_allow_different_materials","type":"Boolean","value":"False","numberOfConnectedProperties":0},{"name":"wallpaint_roundcorners_on","type":"Boolean","value":"False","numberOfConnectedProperties":0},{"name":"wallpaint_roundcorners_radius","type":"Double1","value":"0.25","numberOfConnectedProperties":0},{"name":"PatternOffset","type":"Double2","value":"0 0","numberOfConnectedProperties":0}]}
