{"elementId":"374257","assetType":"Appearance","libraryName":"assetlibrary_base.fbx","title":"","properties":[{"name":"AdvancedUIDefinition","type":"String","value":"Mats/Hardwood/HardwoodAdvancedUI.xml","numberOfConnectedProperties":0},{"name":"AssetLibID","type":"String","value":"AD121259-C03E-4A1D-92D8-59A22B4807AD","numberOfConnectedProperties":0},{"name":"BaseSchema","type":"String","value":"HardwoodSchema","numberOfConnectedProperties":0},{"name":"ExchangeGUID","type":"String","value":"","numberOfConnectedProperties":0},{"name":"Hidden","type":"Boolean","value":"False","numberOfConnectedProperties":0},{"name":"ImplementationGeneric","type":"String","value":"Mats/Hardwood/Generic.xml","numberOfConnectedProperties":0},{"name":"ImplementationMentalRay","type":"String","value":"Mats/Hardwood/MentalImage.xml","numberOfConnectedProperties":0},{"name":"ImplementationOGS","type":"String","value":"Mats/Hardwood/OGS.xml","numberOfConnectedProperties":0},{"name":"ImplementationPreview","type":"String","value":"Mats/Hardwood/PreviewColor.xml","numberOfConnectedProperties":0},{"name":"SchemaVersion","type":"Integer","value":"4","numberOfConnectedProperties":0},{"name":"UIDefinition","type":"String","value":"Mats/Hardwood/HardwoodUI.xml","numberOfConnectedProperties":0},{"name":"UIName","type":"String","value":"黄色松木 - 天然低光泽实心","numberOfConnectedProperties":0},{"name":"VersionGUID","type":"String","value":"Wood-117","numberOfConnectedProperties":0},{"name":"assettype","type":"String","value":"materialappearance","numberOfConnectedProperties":0},{"name":"category","type":"String","value":":Wood:Default","numberOfConnectedProperties":0},{"name":"common_Shared_Asset","type":"Integer","value":"1","numberOfConnectedProperties":0},{"name":"common_Tint_color","type":"Double4","value":"0.315 0.315 0.315 1","numberOfConnectedProperties":0},{"name":"common_Tint_toggle","type":"Boolean","value":"False","numberOfConnectedProperties":0},{"name":"description","type":"String","value":"Hardwood material.","numberOfConnectedProperties":0},{"name":"hardwood_ao_details","type":"Boolean","value":"False","numberOfConnectedProperties":0},{"name":"hardwood_ao_distance","type":"Double1","value":"4","numberOfConnectedProperties":0},{"name":"hardwood_ao_on","type":"Boolean","value":"False","numberOfConnectedProperties":0},{"name":"hardwood_ao_samples","type":"Integer","value":"16","numberOfConnectedProperties":0},{"name":"hardwood_application","type":"Integer","value":"1","numberOfConnectedProperties":0},{"name":"hardwood_color","type":"Reference","value":null,"numberOfConnectedProperties":1},{"name":"UnifiedBitmapSchema","type":"Asset","value":null,"numberOfConnectedProperties":0},{"name":"hardwood_finish","type":"Integer","value":"2","numberOfConnectedProperties":0},{"name":"hardwood_imperfections","type":"Integer","value":"0","numberOfConnectedProperties":0},{"name":"hardwood_imperfections_amount","type":"Double1","value":"0.3","numberOfConnectedProperties":0},{"name":"hardwood_imperfections_shader","type":"Reference","value":null,"numberOfConnectedProperties":1},{"name":"UnifiedBitmapSchema","type":"Asset","value":null,"numberOfConnectedProperties":0},{"name":"hardwood_refl_depth","type":"Integer","value":"0","numberOfConnectedProperties":0},{"name":"hardwood_roundcorners_allow_different_materials","type":"Boolean","value":"False","numberOfConnectedProperties":0},{"name":"hardwood_roundcorners_on","type":"Boolean","value":"False","numberOfConnectedProperties":0},{"name":"hardwood_roundcorners_radius","type":"Double1","value":"0.25","numberOfConnectedProperties":0},{"name":"hardwood_tint_color","type":"Double4","value":"0.81640625 0.4765625 0 1","numberOfConnectedProperties":0},{"name":"hardwood_tint_enabled","type":"Integer","value":"1","numberOfConnectedProperties":0},{"name":"keyword","type":"String","value":":pine:wood:interior:furniture:materials:hardwood","numberOfConnectedProperties":0},{"name":"localname","type":"String","value":"Wood","numberOfConnectedProperties":0},{"name":"localtype","type":"String","value":"Appearance","numberOfConnectedProperties":0},{"name":"mode","type":"Integer","value":"4","numberOfConnectedProperties":0},{"name":"reflection_glossy_samples","type":"Integer","value":"32","numberOfConnectedProperties":0},{"name":"revision","type":"Integer","value":"1","numberOfConnectedProperties":0},{"name":"swatch","type":"String","value":"Swatch-Cube","numberOfConnectedProperties":0},{"name":"thumbnail","type":"String","value":"mats\\hardwood\\presets\\t_wood-117.png","numberOfConnectedProperties":0},{"name":"version","type":"Integer","value":"4","numberOfConnectedProperties":0},{"name":"PatternOffset","type":"Double2","value":"0 0","numberOfConnectedProperties":0}]}
